case,year,n,mean_cosine,standard_error,centroid_norm,centroid_anchor_cosine
PJI,2008,9,0.70298939,0.00513358,0.95883577,0.73316969
PJI,2009,6,0.7144657,0.00757915,0.95426131,0.74871068
PJI,2010,11,0.71624038,0.00929181,0.95288436,0.75165502
PJI,2011,16,0.70042827,0.00433618,0.9496956,0.73752918
PJI,2012,31,0.70099521,0.00349746,0.94166204,0.74442328
PJI,2013,32,0.70039584,0.00413585,0.94444322,0.74159649
PJI,2014,55,0.70076641,0.0030623,0.94155382,0.74426584
PJI,2015,69,0.69981927,0.00270992,0.93970966,0.74471854
PJI,2016,94,0.69467693,0.00214648,0.93573264,0.7423882
PJI,2017,121,0.69420923,0.00212616,0.93778087,0.740268
PJI,2018,165,0.6972157,0.00169494,0.93895338,0.74254553
PJI,2019,198,0.69749442,0.00154624,0.93914819,0.74268828
PJI,2020,250,0.69313057,0.00136395,0.93774304,0.73914759
PJI,2021,326,0.69290214,0.00115166,0.93941129,0.73759182
PJI,2022,332,0.69209534,0.00116565,0.93935002,0.73678104
PJI,2023,326,0.69161709,0.00125208,0.94050496,0.73536777
PJI,2024,364,0.68778835,0.00104809,0.9397796,0.73186127
ACS,2000,19,0.68486797,0.0074874,0.92623994,0.73940661
ACS,2001,17,0.66782247,0.009645,0.92586517,0.72129556
ACS,2002,28,0.67313079,0.00553705,0.92434788,0.72822232
ACS,2003,18,0.66863134,0.00902299,0.92551038,0.72244604
ACS,2004,29,0.67091798,0.00639053,0.92334485,0.72661687
ACS,2005,34,0.67435821,0.00544256,0.92137917,0.73190082
ACS,2006,28,0.66838221,0.00666238,0.92054474,0.72607244
ACS,2007,57,0.66205207,0.00518458,0.92591111,0.71502764
ACS,2008,54,0.66396273,0.00460652,0.91962613,0.72199199
ACS,2009,53,0.6723705,0.00498879,0.91987028,0.73094052
ACS,2010,64,0.67449341,0.0049196,0.92461953,0.72948208
ACS,2011,63,0.66583572,0.00450143,0.91954621,0.7240916
ACS,2012,61,0.66986426,0.00447924,0.92198131,0.72654859
ACS,2013,57,0.66927374,0.00478487,0.91934076,0.72799308
ACS,2014,53,0.66972109,0.00497326,0.91771213,0.72977248
ACS,2015,70,0.66587118,0.00441419,0.91587612,0.72703189
ACS,2016,87,0.67515584,0.00344696,0.92021948,0.73368997
ACS,2017,70,0.66558179,0.00391545,0.91774687,0.72523456
ACS,2018,67,0.66797156,0.00436331,0.91875259,0.72704178
ACS,2019,61,0.67528825,0.00471155,0.92101543,0.73319967
ACS,2020,76,0.66770116,0.00412844,0.91970686,0.72599342
ACS,2021,107,0.66990563,0.0030558,0.92128611,0.72714175
ACS,2022,87,0.66921156,0.0033827,0.92106984,0.72655893
ACS,2023,94,0.66726919,0.00358513,0.9209198,0.72456814
ACS,2024,109,0.67141179,0.00312678,0.92492368,0.72591044
DRF,2000,6,0.67781258,0.0076549,0.94425674,0.71782662
DRF,2002,5,0.67052278,0.01258705,0.94079413,0.71272002
DRF,2003,10,0.67329793,0.00499943,0.94213253,0.71465313
DRF,2004,8,0.67916376,0.00802327,0.94794202,0.71646132
DRF,2005,8,0.66191407,0.00940344,0.9490374,0.6974584
DRF,2006,8,0.67570669,0.00973111,0.93802169,0.72035298
DRF,2007,7,0.68342245,0.00417721,0.95087275,0.7187318
DRF,2008,13,0.67965475,0.00545424,0.9508019,0.71482271
DRF,2009,9,0.66856378,0.00629543,0.93653098,0.7138726
DRF,2010,16,0.67898878,0.00710438,0.93805622,0.7238253
DRF,2011,19,0.67496118,0.00627209,0.93111121,0.72489861
DRF,2012,19,0.6792014,0.00505686,0.93542635,0.72608756
DRF,2013,15,0.68461779,0.00869703,0.93290218,0.73385811
DRF,2014,33,0.68070179,0.00444985,0.93427924,0.72858499
DRF,2015,34,0.67496696,0.00408099,0.93262116,0.72373117
DRF,2016,37,0.68334949,0.00368373,0.93429426,0.73140717
DRF,2017,30,0.68056475,0.00533253,0.927387,0.73385198
DRF,2018,42,0.68208875,0.00355277,0.93593238,0.72877998
DRF,2019,39,0.68139147,0.00425278,0.934773,0.72893794
DRF,2020,49,0.68344425,0.00394332,0.9333268,0.73226686
DRF,2021,43,0.67874595,0.00366041,0.93418341,0.72656609
DRF,2022,57,0.67714414,0.00426718,0.93376598,0.72517546
DRF,2023,67,0.68416322,0.00303446,0.93688758,0.73025117
DRF,2024,62,0.68442872,0.00293016,0.9381946,0.72951683
