case,anchor,year,mean_cosine
PJI,PJI,2008,0.70298931
PJI,PJI,2009,0.71446561
PJI,PJI,2010,0.7162403
PJI,PJI,2011,0.70042819
PJI,PJI,2012,0.70099512
PJI,PJI,2013,0.70039576
PJI,PJI,2014,0.70076633
PJI,PJI,2015,0.69981919
PJI,PJI,2016,0.69467685
PJI,PJI,2017,0.69420915
PJI,PJI,2018,0.69721562
PJI,PJI,2019,0.69749434
PJI,PJI,2020,0.69313049
PJI,PJI,2021,0.69290207
PJI,PJI,2022,0.69209527
PJI,PJI,2023,0.69161701
PJI,PJI,2024,0.68778828
PJI,ACS,2008,0.59003584
PJI,ACS,2009,0.58677927
PJI,ACS,2010,0.59151715
PJI,ACS,2011,0.59216752
PJI,ACS,2012,0.58989765
PJI,ACS,2013,0.58630451
PJI,ACS,2014,0.58994417
PJI,ACS,2015,0.58898655
PJI,ACS,2016,0.58749865
PJI,ACS,2017,0.58637733
PJI,ACS,2018,0.58703088
PJI,ACS,2019,0.59161317
PJI,ACS,2020,0.58995211
PJI,ACS,2021,0.59102333
PJI,ACS,2022,0.59012373
PJI,ACS,2023,0.59359414
PJI,ACS,2024,0.59214423
PJI,DRF,2008,0.63805104
PJI,DRF,2009,0.65143487
PJI,DRF,2010,0.64088309
PJI,DRF,2011,0.63505894
PJI,DRF,2012,0.62836341
PJI,DRF,2013,0.63438033
PJI,DRF,2014,0.63632393
PJI,DRF,2015,0.63500388
PJI,DRF,2016,0.63373162
PJI,DRF,2017,0.63336761
PJI,DRF,2018,0.63415932
PJI,DRF,2019,0.63804639
PJI,DRF,2020,0.6377515
PJI,DRF,2021,0.63923911
PJI,DRF,2022,0.64018634
PJI,DRF,2023,0.64253446
PJI,DRF,2024,0.64046596
ACS,PJI,2000,0.58017333
ACS,PJI,2001,0.58450983
ACS,PJI,2002,0.57772776
ACS,PJI,2003,0.58233336
ACS,PJI,2004,0.58513535
ACS,PJI,2005,0.57332245
ACS,PJI,2006,0.58880971
ACS,PJI,2007,0.57184246
ACS,PJI,2008,0.57613791
ACS,PJI,2009,0.58567774
ACS,PJI,2010,0.58500215
ACS,PJI,2011,0.57916681
ACS,PJI,2012,0.58620831
ACS,PJI,2013,0.59032536
ACS,PJI,2014,0.58493499
ACS,PJI,2015,0.58356905
ACS,PJI,2016,0.58642794
ACS,PJI,2017,0.58602471
ACS,PJI,2018,0.58731232
ACS,PJI,2019,0.58661705
ACS,PJI,2020,0.58742423
ACS,PJI,2021,0.5898179
ACS,PJI,2022,0.59582825
ACS,PJI,2023,0.58752964
ACS,PJI,2024,0.5916082
ACS,ACS,2000,0.68486792
ACS,ACS,2001,0.66782242
ACS,ACS,2002,0.67313073
ACS,ACS,2003,0.66863129
ACS,ACS,2004,0.67091793
ACS,ACS,2005,0.67435815
ACS,ACS,2006,0.66838216
ACS,ACS,2007,0.66205202
ACS,ACS,2008,0.66396268
ACS,ACS,2009,0.67237045
ACS,ACS,2010,0.67449336
ACS,ACS,2011,0.66583567
ACS,ACS,2012,0.66986421
ACS,ACS,2013,0.66927368
ACS,ACS,2014,0.66972104
ACS,ACS,2015,0.66587112
ACS,ACS,2016,0.67515579
ACS,ACS,2017,0.66558174
ACS,ACS,2018,0.6679715
ACS,ACS,2019,0.6752882
ACS,ACS,2020,0.66770111
ACS,ACS,2021,0.66990558
ACS,ACS,2022,0.6692115
ACS,ACS,2023,0.66726913
ACS,ACS,2024,0.67141174
ACS,DRF,2000,0.61558717
ACS,DRF,2001,0.61779027
ACS,DRF,2002,0.61580659
ACS,DRF,2003,0.61670829
ACS,DRF,2004,0.6185041
ACS,DRF,2005,0.61544206
ACS,DRF,2006,0.62434306
ACS,DRF,2007,0.61036474
ACS,DRF,2008,0.61454671
ACS,DRF,2009,0.6218174
ACS,DRF,2010,0.62240336
ACS,DRF,2011,0.61740187
ACS,DRF,2012,0.62302447
ACS,DRF,2013,0.61977163
ACS,DRF,2014,0.61964301
ACS,DRF,2015,0.61531255
ACS,DRF,2016,0.62145971
ACS,DRF,2017,0.62178258
ACS,DRF,2018,0.62036187
ACS,DRF,2019,0.62380846
ACS,DRF,2020,0.62582365
ACS,DRF,2021,0.62801788
ACS,DRF,2022,0.62470315
ACS,DRF,2023,0.62314114
ACS,DRF,2024,0.62939478
DRF,PJI,2000,0.58279463
DRF,PJI,2002,0.58610733
DRF,PJI,2003,0.58222221
DRF,PJI,2004,0.57939002
DRF,PJI,2005,0.58447521
DRF,PJI,2006,0.5817474
DRF,PJI,2007,0.58545345
DRF,PJI,2008,0.58810252
DRF,PJI,2009,0.58295103
DRF,PJI,2010,0.58332532
DRF,PJI,2011,0.58398127
DRF,PJI,2012,0.58663503
DRF,PJI,2013,0.58505482
DRF,PJI,2014,0.58291773
DRF,PJI,2015,0.59228653
DRF,PJI,2016,0.58982747
DRF,PJI,2017,0.58835786
DRF,PJI,2018,0.59026273
DRF,PJI,2019,0.58560052
DRF,PJI,2020,0.58743456
DRF,PJI,2021,0.58882767
DRF,PJI,2022,0.58748294
DRF,PJI,2023,0.59207764
DRF,PJI,2024,0.59203894
DRF,ACS,2000,0.57713115
DRF,ACS,2002,0.58475557
DRF,ACS,2003,0.58047659
DRF,ACS,2004,0.569469
DRF,ACS,2005,0.56860245
DRF,ACS,2006,0.57846557
DRF,ACS,2007,0.58389632
DRF,ACS,2008,0.57832048
DRF,ACS,2009,0.56628705
DRF,ACS,2010,0.57801975
DRF,ACS,2011,0.57473015
DRF,ACS,2012,0.58330849
DRF,ACS,2013,0.58271066
DRF,ACS,2014,0.58223276
DRF,ACS,2015,0.58418079
DRF,ACS,2016,0.58726902
DRF,ACS,2017,0.5898323
DRF,ACS,2018,0.59027362
DRF,ACS,2019,0.5920625
DRF,ACS,2020,0.58462524
DRF,ACS,2021,0.59101444
DRF,ACS,2022,0.59029609
DRF,ACS,2023,0.59577961
DRF,ACS,2024,0.59170925
DRF,DRF,2000,0.67781261
DRF,DRF,2002,0.67052279
DRF,DRF,2003,0.67329796
DRF,DRF,2004,0.67916378
DRF,DRF,2005,0.66191408
DRF,DRF,2006,0.67570671
DRF,DRF,2007,0.68342247
DRF,DRF,2008,0.67965477
DRF,DRF,2009,0.6685638
DRF,DRF,2010,0.67898882
DRF,DRF,2011,0.67496122
DRF,DRF,2012,0.67920141
DRF,DRF,2013,0.68461781
DRF,DRF,2014,0.68070181
DRF,DRF,2015,0.67496699
DRF,DRF,2016,0.68334951
DRF,DRF,2017,0.68056477
DRF,DRF,2018,0.68208878
DRF,DRF,2019,0.68139148
DRF,DRF,2020,0.68344427
DRF,DRF,2021,0.67874597
DRF,DRF,2022,0.67714416
DRF,DRF,2023,0.68416324
DRF,DRF,2024,0.68442875
