case,year,n,weight_sum,mean,weighted_mean
PJI,2008,9,12.0,0.7029893851265068,0.7019358010014455
PJI,2009,6,6.0,0.7144656956952895,0.7144656956952895
PJI,2010,11,13.0,0.7162403756279083,0.711343643653994
PJI,2011,16,22.0,0.7004282735714158,0.7001477206147351
PJI,2012,31,42.0,0.7009952082125267,0.6989263807444677
PJI,2013,32,39.5,0.7003958356899848,0.6962274993905064
PJI,2014,55,70.5,0.7007664092096598,0.6985823725512881
PJI,2015,69,83.0,0.6998192668932915,0.6998224347833596
PJI,2016,94,115.5,0.694676932341627,0.6935964674941615
PJI,2017,121,154.0,0.6942092292788637,0.6936003974244636
PJI,2018,165,191.0,0.697215697250407,0.696988808023382
PJI,2019,198,246.0,0.6974944164675051,0.6975927026634924
PJI,2020,250,277.0,0.6931305730228268,0.6929067913425483
PJI,2021,326,359.5,0.6929021438545264,0.6935683374149835
PJI,2022,332,348.5,0.6920953446664646,0.6926760072987032
PJI,2023,326,352.5,0.6916170924654151,0.6917679903716956
PJI,2024,364,406.0,0.6877883542262347,0.6880824408292281
ACS,2000,19,19.0,0.6848679704519981,0.6848679704519981
ACS,2001,17,18.0,0.6678224727098436,0.6679954545176935
ACS,2002,28,33.0,0.673130787792633,0.6718323187587697
ACS,2003,18,18.5,0.6686313363951523,0.667368291379099
ACS,2004,29,37.0,0.6709179826985829,0.6696592735968737
ACS,2005,34,42.0,0.6743582070929164,0.6733372573532217
ACS,2006,28,36.0,0.6683822054498395,0.6668660189630388
ACS,2007,57,60.5,0.6620520688007986,0.6602100935269939
ACS,2008,54,70.0,0.6639627314024366,0.6623582458283369
ACS,2009,53,58.5,0.6723705004975333,0.668585130460329
ACS,2010,64,74.0,0.674493412268615,0.6725817571818188
ACS,2011,63,71.0,0.6658357208729618,0.6634286650562927
ACS,2012,61,69.0,0.6698642587976381,0.6695570881910473
ACS,2013,57,70.5,0.6692737432258355,0.6667640018294132
ACS,2014,53,60.0,0.6697210884254757,0.6667564834717781
ACS,2015,70,79.5,0.6658711818770945,0.6652119652639353
ACS,2016,87,101.0,0.6751558373836559,0.6744833751065239
ACS,2017,70,83.5,0.6655817863361252,0.6620836885189713
ACS,2018,67,75.5,0.6679715554028675,0.6676241646178303
ACS,2019,61,72.0,0.6752882494126101,0.676827290536733
ACS,2020,76,82.5,0.6677011649632127,0.6669031532533705
ACS,2021,107,118.0,0.669905633815336,0.6689520778910941
ACS,2022,87,93.0,0.6692115554446424,0.6704557162269087
ACS,2023,94,105.0,0.6672691854073869,0.6639447522062151
ACS,2024,109,120.5,0.6714117897857705,0.6706591119569084
DRF,2000,6,8.0,0.6778125837816957,0.6755033826421878
DRF,2002,5,5.0,0.6705227751819577,0.6705227751819577
DRF,2003,10,15.0,0.6732979253819219,0.670907009482886
DRF,2004,8,15.0,0.6791637572155459,0.6870550690233391
DRF,2005,8,9.0,0.6619140671493738,0.6623848944182898
DRF,2006,8,12.0,0.6757066885983332,0.6765076552805973
DRF,2007,7,11.5,0.683422449480961,0.6846605370044554
DRF,2008,13,20.0,0.679654748399861,0.6815172143613102
DRF,2009,9,14.0,0.6685637750132591,0.6702376513502065
DRF,2010,16,23.0,0.6789887846256797,0.6815367249722438
DRF,2011,19,27.0,0.6749611800084822,0.675865277757837
DRF,2012,19,21.5,0.6792013985566918,0.679496730259832
DRF,2013,15,18.0,0.6846177935454646,0.6850934557335996
DRF,2014,33,48.0,0.6807017931942677,0.6791304348923832
DRF,2015,34,44.0,0.6749669635470466,0.675420115016167
DRF,2016,37,57.0,0.683349487482521,0.6830435242210475
DRF,2017,30,39.0,0.6805647502940781,0.6815567879762258
DRF,2018,42,53.0,0.6820887521453328,0.6825627875411663
DRF,2019,39,55.5,0.6813914655613803,0.6886689820212404
DRF,2020,49,58.0,0.683444249492682,0.6874418296213364
DRF,2021,43,50.5,0.6787459481356914,0.6802576137547884
DRF,2022,57,80.5,0.6771441398721376,0.6816235894182806
DRF,2023,67,80.5,0.684163219403269,0.6849093806767459
DRF,2024,62,77.5,0.6844287211789736,0.687495476837289
