case,metric,value,source
PJI,matched_cls.n,2405,matched_cls.csv:n
PJI,matched_cls.n_years,17,matched_cls.csv:n_years
PJI,matched_cls.mean_tau,-0.838235,matched_cls.csv:mean_tau
PJI,matched_cls.matched_cls_tau,-0.573529,matched_cls.csv:matched_cls_tau
ACS,matched_cls.n,1463,matched_cls.csv:n
ACS,matched_cls.n_years,25,matched_cls.csv:n_years
ACS,matched_cls.mean_tau,-0.066667,matched_cls.csv:mean_tau
ACS,matched_cls.matched_cls_tau,0.033333,matched_cls.csv:matched_cls_tau
DRF,matched_cls.n,636,matched_cls.csv:n
DRF,matched_cls.n_years,24,matched_cls.csv:n_years
DRF,matched_cls.mean_tau,0.42029,matched_cls.csv:mean_tau
DRF,matched_cls.matched_cls_tau,0.398551,matched_cls.csv:matched_cls_tau
PJI,geometry_summary.n_years,17,geometry_summary.csv:n_years
PJI,geometry_summary.pc1_variance,0.475499,geometry_summary.csv:pc1_variance
PJI,geometry_summary.pc2_variance,0.157399,geometry_summary.csv:pc2_variance
PJI,geometry_summary.pc3_variance,0.10591,geometry_summary.csv:pc3_variance
PJI,geometry_summary.year_pc1_tau,0.941176,geometry_summary.csv:year_pc1_tau
PJI,geometry_summary.nominal_p,2.62815e-11,geometry_summary.csv:nominal_p
DRF/concordant,minimal_pairs.medcpt_cosine,0.799363,minimal_pairs.csv:medcpt_cosine
DRF/concordant,minimal_pairs.tfidf_cosine,0.185493,minimal_pairs.csv:tfidf_cosine
DRF/discordant,minimal_pairs.medcpt_cosine,0.797836,minimal_pairs.csv:medcpt_cosine
DRF/discordant,minimal_pairs.tfidf_cosine,0.185493,minimal_pairs.csv:tfidf_cosine
PJI/concordant,minimal_pairs.medcpt_cosine,0.76016,minimal_pairs.csv:medcpt_cosine
PJI/concordant,minimal_pairs.tfidf_cosine,0.501661,minimal_pairs.csv:tfidf_cosine
PJI/discordant,minimal_pairs.medcpt_cosine,0.757489,minimal_pairs.csv:medcpt_cosine
PJI/discordant,minimal_pairs.tfidf_cosine,0.501661,minimal_pairs.csv:tfidf_cosine
DRF,medcpt_minimal_pair_delta,0.001527,minimal_pairs.csv:medcpt_cosine
DRF,tfidf_minimal_pair_delta,0.0,minimal_pairs.csv:tfidf_cosine
PJI,medcpt_minimal_pair_delta,0.002671,minimal_pairs.csv:medcpt_cosine
PJI,tfidf_minimal_pair_delta,0.0,minimal_pairs.csv:tfidf_cosine
PJI,two-stage_raw_peak_year,2010,word_traj_PJI.csv:two-stage
PJI,two-stage_smoothed_peak_year,2014,word_traj_PJI.csv:two-stage
PJI,debridement_raw_peak_year,2009,word_traj_PJI.csv:debridement
PJI,debridement_smoothed_peak_year,2010,word_traj_PJI.csv:debridement
PJI,reimplantation_raw_peak_year,2009,word_traj_PJI.csv:reimplantation
PJI,reimplantation_smoothed_peak_year,2010,word_traj_PJI.csv:reimplantation
PJI,DAIR_raw_peak_year,2021,word_traj_PJI.csv:DAIR
PJI,DAIR_smoothed_peak_year,2022,word_traj_PJI.csv:DAIR
PJI,one-stage_raw_peak_year,2021,word_traj_PJI.csv:one-stage
PJI,one-stage_smoothed_peak_year,2020,word_traj_PJI.csv:one-stage
PJI,single-stage_raw_peak_year,2015,word_traj_PJI.csv:single-stage
PJI,single-stage_smoothed_peak_year,2015,word_traj_PJI.csv:single-stage
