case,variant,raw_records,analyzed_records,n_years,tau,nominal_p,significant_at_0_05,original_direction_rule,raw_pmid_set_sha256
PJI,primary,3151,2404,17,-0.8382352941176471,5.634316092440314e-08,1,negative,596500fce47fc12004349096f6cfe61c87bff801ec3d6bd05b896fa00edd203a
PJI,expanded_query,4648,3544,25,-0.25333333333333324,0.07972026188701116,0,negative,8b210fa78ff1ad47e75f8ed5bbffd0e8fb78f9e123429f3db45850b7b52e5a0a
PJI,v2_query,1748,1257,24,-0.31884057971014496,0.029805605290680832,1,negative,381c472ce23a3f87a81aef5bdfb8020d787ebacafe671fd50217f39e5aed71bb
PJI,broad_sensitivity,4743,3433,20,-0.35789473684210527,0.02832862734229191,1,negative,0c0ff3ca116756ab51d302082fe12433f25b11c323f382ee33adcbb4b54a447b
PJI,narrow_sensitivity,1088,799,14,-0.6263736263736264,0.0012344453248471106,1,negative,ab15e72cd78f0f178264821b5a65fc91bbf309ea4560033c1a5fad4b37b07f8b
ACS,primary,3042,1462,25,-0.06666666666666665,0.6604714750997261,0,negative,e0d68a0b523bb3daccdc8fc6df6a9278f3a5bd079eebb8c10cbdb13c960238e6
ACS,pressure_monitoring,2121,1198,25,-0.15999999999999995,0.27546798247377474,0,negative,716583dfe00c3f871bcf0358a92a6b0794a65de27523eb8c9fc50d18e70ce62d
ACS,fasciotomy_methods,2461,1304,25,-0.15999999999999995,0.27546798247377474,0,negative,bf23f5e720710511ee711fc46556591860fe829af34a82ea4122c006db3274ce
ACS,alt_diagnosis,2461,1304,25,-0.15999999999999995,0.27546798247377474,0,negative,bf23f5e720710511ee711fc46556591860fe829af34a82ea4122c006db3274ce
ACS,physical_exam,482,279,25,0.0,1.0,0,flat,7249a0001c15a2b0c8793de9b197b4a2f5551d0ac85cad261e1543b0cabb75db
DRF,primary,741,637,24,0.42028985507246375,0.0035635597431467976,1,positive,db989fbad3aef30be9c4a8206053b4f941656518aef9a4c550d74001676df6fc
DRF,young_operative,270,209,15,0.29523809523809524,0.13946285911906778,0,positive,f32971cdb53a744067aaec134905dcdd44e0dfc8398d3e506ed208b15af2026b
DRF,rec_10_casting,154,83,12,0.1818181818181818,0.459023957331249,0,positive,71edd45e9242c2008f81e9303eaddf5a638bf87a5a919a66e18f8b224b47ce66
DRF,rec_15_elderly,445,303,19,0.3333333333333333,0.049049309778455875,1,positive,7f52c0a70e6b91ad721fd900f101cd293f2ec8293d3a88eddaf1982ec6f087c1
DRF,rec_29_nonop,384,259,23,0.2964426877470356,0.04983604057132342,1,positive,de60952b48824fb8861227e82f0c8aa84027226f4290f112e42dee643d1293db
