case,variant,year,n,weight_sum,mean,weighted_mean
PJI,primary,2008,9,9.0,0.7029903294637712,0.7029903294637712
PJI,primary,2009,6,6.0,0.7144664699943358,0.7144664699943358
PJI,primary,2010,11,11.0,0.7162411745236216,0.7162411745236216
PJI,primary,2011,16,16.0,0.7004291716072086,0.7004291716072086
PJI,primary,2012,31,31.0,0.7009961062961707,0.7009961062961707
PJI,primary,2013,32,32.0,0.7003967296969218,0.7003967296969218
PJI,primary,2014,55,55.0,0.7007672929079853,0.7007672929079853
PJI,primary,2015,69,69.0,0.6998201713598391,0.6998201713598391
PJI,primary,2016,94,94.0,0.6946778577175114,0.6946778577175114
PJI,primary,2017,121,121.0,0.6942101857068442,0.6942101857068442
PJI,primary,2018,165,165.0,0.6972166355363627,0.6972166355363627
PJI,primary,2019,198,198.0,0.6974953371386989,0.6974953371386989
PJI,primary,2020,250,250.0,0.6931315023257318,0.6931315023257318
PJI,primary,2021,326,326.0,0.6929030680562398,0.6929030680562398
PJI,primary,2022,332,332.0,0.692096255927833,0.692096255927833
PJI,primary,2023,325,325.0,0.6915359966692054,0.6915359966692054
PJI,primary,2024,364,364.0,0.687789303927159,0.687789303927159
PJI,expanded_query,2000,17,17.0,0.6903010888959651,0.6903010888959651
PJI,expanded_query,2001,19,19.0,0.6957404501600284,0.6957404501600284
PJI,expanded_query,2002,19,19.0,0.6981028359046005,0.6981028359046005
PJI,expanded_query,2003,25,25.0,0.7004079584502922,0.7004079584502922
PJI,expanded_query,2004,33,33.0,0.6987436568461227,0.6987436568461227
PJI,expanded_query,2005,37,37.0,0.6856246430862546,0.6856246430862546
PJI,expanded_query,2006,40,40.0,0.6871969338539035,0.6871969338539035
PJI,expanded_query,2007,34,34.0,0.6935171555966927,0.6935171555966927
PJI,expanded_query,2008,38,38.0,0.7011128604871658,0.7011128604871658
PJI,expanded_query,2009,64,64.0,0.694483845606931,0.694483845606931
PJI,expanded_query,2010,77,77.0,0.6961674458102575,0.6961674458102575
PJI,expanded_query,2011,91,91.0,0.6935056652668296,0.6935056652668296
PJI,expanded_query,2012,116,116.0,0.6963044350976859,0.6963044350976859
PJI,expanded_query,2013,112,112.0,0.6981925720796863,0.6981925720796863
PJI,expanded_query,2014,126,126.0,0.6932421176586361,0.6932421176586361
PJI,expanded_query,2015,143,143.0,0.6914741328326703,0.6914741328326703
PJI,expanded_query,2016,166,166.0,0.6915197530960364,0.6915197530960364
PJI,expanded_query,2017,173,173.0,0.6938164697768361,0.6938164697768361
PJI,expanded_query,2018,213,213.0,0.6950267068634698,0.6950267068634698
PJI,expanded_query,2019,267,267.0,0.6953613709059021,0.6953613709059021
PJI,expanded_query,2020,291,291.0,0.6921004830228152,0.6921004830228152
PJI,expanded_query,2021,364,364.0,0.6925904401901055,0.6925904401901055
PJI,expanded_query,2022,351,351.0,0.691954505778762,0.691954505778762
PJI,expanded_query,2023,341,341.0,0.6912374493259849,0.6912374493259849
PJI,expanded_query,2024,387,387.0,0.6877818160433371,0.6877818160433371
PJI,v2_query,2001,6,6.0,0.7223539664424222,0.7223539664424222
PJI,v2_query,2002,8,8.0,0.713317951403317,0.713317951403317
PJI,v2_query,2003,5,5.0,0.7107269396933378,0.7107269396933378
PJI,v2_query,2004,9,9.0,0.6962730749789119,0.6962730749789119
PJI,v2_query,2005,9,9.0,0.703400615527844,0.703400615527844
PJI,v2_query,2006,11,11.0,0.7004662037949118,0.7004662037949118
PJI,v2_query,2007,5,5.0,0.7232345595573483,0.7232345595573483
PJI,v2_query,2008,12,12.0,0.7191786039693316,0.7191786039693316
PJI,v2_query,2009,14,14.0,0.7188486427116297,0.7188486427116297
PJI,v2_query,2010,20,20.0,0.7103255292615543,0.7103255292615543
PJI,v2_query,2011,19,19.0,0.7068525714171473,0.7068525714171473
PJI,v2_query,2012,35,35.0,0.7095717541131599,0.7095717541131599
PJI,v2_query,2013,39,39.0,0.7112476011272553,0.7112476011272553
PJI,v2_query,2014,41,41.0,0.7107078948605395,0.7107078948605395
PJI,v2_query,2015,41,41.0,0.711705139570852,0.711705139570852
PJI,v2_query,2016,56,56.0,0.7033247422293909,0.7033247422293909
PJI,v2_query,2017,57,57.0,0.7029303492786512,0.7029303492786512
PJI,v2_query,2018,90,90.0,0.70583923859172,0.70583923859172
PJI,v2_query,2019,127,127.0,0.7057547434737182,0.7057547434737182
PJI,v2_query,2020,108,108.0,0.7056280136823757,0.7056280136823757
PJI,v2_query,2021,137,137.0,0.7070422274814504,0.7070422274814504
PJI,v2_query,2022,144,144.0,0.7032083228972967,0.7032083228972967
PJI,v2_query,2023,127,127.0,0.7070514871402613,0.7070514871402613
PJI,v2_query,2024,137,137.0,0.7009003848956449,0.7009003848956449
PJI,broad_sensitivity,2004,8,8.0,0.6881111057648323,0.6881111057648323
PJI,broad_sensitivity,2006,8,8.0,0.6847735608099879,0.6847735608099879
PJI,broad_sensitivity,2007,10,10.0,0.6869877981603717,0.6869877981603717
PJI,broad_sensitivity,2008,14,14.0,0.6977193280690994,0.6977193280690994
PJI,broad_sensitivity,2009,16,16.0,0.7033629148837724,0.7033629148837724
PJI,broad_sensitivity,2010,27,27.0,0.6958572900486976,0.6958572900486976
PJI,broad_sensitivity,2011,36,36.0,0.6961723763078201,0.6961723763078201
PJI,broad_sensitivity,2012,42,42.0,0.6975545381949037,0.6975545381949037
PJI,broad_sensitivity,2013,67,67.0,0.6984445849005742,0.6984445849005742
PJI,broad_sensitivity,2014,90,90.0,0.6934891266020593,0.6934891266020593
PJI,broad_sensitivity,2015,104,104.0,0.6941826195874777,0.6941826195874777
PJI,broad_sensitivity,2016,143,143.0,0.6897517662541552,0.6897517662541552
PJI,broad_sensitivity,2017,180,180.0,0.6887785435350979,0.6887785435350979
PJI,broad_sensitivity,2018,230,230.0,0.6912477460806576,0.6912477460806576
PJI,broad_sensitivity,2019,293,293.0,0.6900340564486692,0.6900340564486692
PJI,broad_sensitivity,2020,340,340.0,0.6890591022561992,0.6890591022561992
PJI,broad_sensitivity,2021,432,432.0,0.6884739215135156,0.6884739215135156
PJI,broad_sensitivity,2022,444,444.0,0.6870825410832484,0.6870825410832484
PJI,broad_sensitivity,2023,433,433.0,0.6870817099050259,0.6870817099050259
PJI,broad_sensitivity,2024,516,516.0,0.6830953957932614,0.6830953957932614
PJI,narrow_sensitivity,2010,6,6.0,0.733479892327295,0.733479892327295
PJI,narrow_sensitivity,2012,12,12.0,0.7165246072265407,0.7165246072265407
PJI,narrow_sensitivity,2013,9,9.0,0.7237050532487479,0.7237050532487479
PJI,narrow_sensitivity,2014,17,17.0,0.7153773245954992,0.7153773245954992
PJI,narrow_sensitivity,2015,22,22.0,0.7187680372668676,0.7187680372668676
PJI,narrow_sensitivity,2016,31,31.0,0.7099080293968497,0.7099080293968497
PJI,narrow_sensitivity,2017,43,43.0,0.7081365506787879,0.7081365506787879
PJI,narrow_sensitivity,2018,64,64.0,0.7067216164797901,0.7067216164797901
PJI,narrow_sensitivity,2019,86,86.0,0.7101963628370749,0.7101963628370749
PJI,narrow_sensitivity,2020,79,79.0,0.7071488417306452,0.7071488417306452
PJI,narrow_sensitivity,2021,110,110.0,0.7085826985968925,0.7085826985968925
PJI,narrow_sensitivity,2022,115,115.0,0.7051944516622887,0.7051944516622887
PJI,narrow_sensitivity,2023,103,103.0,0.7104126519661799,0.7104126519661799
PJI,narrow_sensitivity,2024,102,102.0,0.7046345416132654,0.7046345416132654
ACS,primary,2000,19,19.0,0.6848688698727242,0.6848688698727242
ACS,primary,2001,17,17.0,0.6678233894645836,0.6678233894645836
ACS,primary,2002,28,28.0,0.6731317168298999,0.6731317168298999
ACS,primary,2003,18,18.0,0.6686322903910749,0.6686322903910749
ACS,primary,2004,29,29.0,0.6709189487523978,0.6709189487523978
ACS,primary,2005,34,34.0,0.6743591300226652,0.6743591300226652
ACS,primary,2006,28,28.0,0.6683831596351338,0.6683831596351338
ACS,primary,2007,57,57.0,0.6620530283200875,0.6620530283200875
ACS,primary,2008,54,54.0,0.6639636977635779,0.6639636977635779
ACS,primary,2009,53,53.0,0.6723714264484577,0.6723714264484577
ACS,primary,2010,64,64.0,0.6744943335582148,0.6744943335582148
ACS,primary,2011,63,63.0,0.6658366630125303,0.6658366630125303
ACS,primary,2012,61,61.0,0.6698652189269204,0.6698652189269204
ACS,primary,2013,57,57.0,0.6692746810758652,0.6692746810758652
ACS,primary,2014,52,52.0,0.6690154264434953,0.6690154264434953
ACS,primary,2015,70,70.0,0.6658721248136907,0.6658721248136907
ACS,primary,2016,87,87.0,0.6751567736122802,0.6751567736122802
ACS,primary,2017,70,70.0,0.6655827768951509,0.6655827768951509
ACS,primary,2018,67,67.0,0.6679725134438574,0.6679725134438574
ACS,primary,2019,61,61.0,0.6752891739791711,0.6752891739791711
ACS,primary,2020,76,76.0,0.6677021191734919,0.6677021191734919
ACS,primary,2021,107,107.0,0.6699065775123408,0.6699065775123408
ACS,primary,2022,87,87.0,0.6692124864017487,0.6692124864017487
ACS,primary,2023,94,94.0,0.6672701435674554,0.6672701435674554
ACS,primary,2024,109,109.0,0.6714127236559948,0.6714127236559948
ACS,pressure_monitoring,2000,21,21.0,0.6665201972002716,0.6665201972002716
ACS,pressure_monitoring,2001,18,18.0,0.6416963189256575,0.6416963189256575
ACS,pressure_monitoring,2002,27,27.0,0.658408247206944,0.658408247206944
ACS,pressure_monitoring,2003,19,19.0,0.6552181020057433,0.6552181020057433
ACS,pressure_monitoring,2004,19,19.0,0.6631745413112403,0.6631745413112403
ACS,pressure_monitoring,2005,37,37.0,0.6530278836635504,0.6530278836635504
ACS,pressure_monitoring,2006,32,32.0,0.6493645059282764,0.6493645059282764
ACS,pressure_monitoring,2007,56,56.0,0.6465145371607458,0.6465145371607458
ACS,pressure_monitoring,2008,45,45.0,0.6566249864081937,0.6566249864081937
ACS,pressure_monitoring,2009,47,47.0,0.6498097844248623,0.6498097844248623
ACS,pressure_monitoring,2010,47,47.0,0.6690710322598544,0.6690710322598544
ACS,pressure_monitoring,2011,61,61.0,0.6570028588665482,0.6570028588665482
ACS,pressure_monitoring,2012,58,58.0,0.649269183986333,0.649269183986333
ACS,pressure_monitoring,2013,55,55.0,0.6458789911487903,0.6458789911487903
ACS,pressure_monitoring,2014,42,42.0,0.6551446498087491,0.6551446498087491
ACS,pressure_monitoring,2015,63,63.0,0.6456486935585299,0.6456486935585299
ACS,pressure_monitoring,2016,67,67.0,0.6616855822482074,0.6616855822482074
ACS,pressure_monitoring,2017,63,63.0,0.649508481764336,0.649508481764336
ACS,pressure_monitoring,2018,49,49.0,0.6448764195645259,0.6448764195645259
ACS,pressure_monitoring,2019,48,48.0,0.6593210876045553,0.6593210876045553
ACS,pressure_monitoring,2020,56,56.0,0.6556680502581801,0.6556680502581801
ACS,pressure_monitoring,2021,75,75.0,0.6516443122895942,0.6516443122895942
ACS,pressure_monitoring,2022,64,64.0,0.6456326593191629,0.6456326593191629
ACS,pressure_monitoring,2023,65,65.0,0.6472959414025532,0.6472959414025532
ACS,pressure_monitoring,2024,64,64.0,0.6580930348658514,0.6580930348658514
ACS,fasciotomy_methods,2000,23,23.0,0.6863231473204342,0.6863231473204342
ACS,fasciotomy_methods,2001,19,19.0,0.6687571285862777,0.6687571285862777
ACS,fasciotomy_methods,2002,27,27.0,0.6735731880317585,0.6735731880317585
ACS,fasciotomy_methods,2003,17,17.0,0.6720623893903532,0.6720623893903532
ACS,fasciotomy_methods,2004,25,25.0,0.6829076168953211,0.6829076168953211
ACS,fasciotomy_methods,2005,25,25.0,0.686024918554874,0.686024918554874
ACS,fasciotomy_methods,2006,25,25.0,0.6722826915726522,0.6722826915726522
ACS,fasciotomy_methods,2007,32,32.0,0.6789265768240713,0.6789265768240713
ACS,fasciotomy_methods,2008,37,37.0,0.6794967061280819,0.6794967061280819
ACS,fasciotomy_methods,2009,45,45.0,0.6778363453429821,0.6778363453429821
ACS,fasciotomy_methods,2010,46,46.0,0.6860155458586761,0.6860155458586761
ACS,fasciotomy_methods,2011,56,56.0,0.6757036615841593,0.6757036615841593
ACS,fasciotomy_methods,2012,46,46.0,0.6781730200659647,0.6781730200659647
ACS,fasciotomy_methods,2013,52,52.0,0.674572343633796,0.674572343633796
ACS,fasciotomy_methods,2014,46,46.0,0.6743338236483803,0.6743338236483803
ACS,fasciotomy_methods,2015,52,52.0,0.6778703034043827,0.6778703034043827
ACS,fasciotomy_methods,2016,70,70.0,0.6812538880710713,0.6812538880710713
ACS,fasciotomy_methods,2017,64,64.0,0.672278960318865,0.672278960318865
ACS,fasciotomy_methods,2018,68,68.0,0.6717380731735468,0.6717380731735468
ACS,fasciotomy_methods,2019,75,75.0,0.6732122943803297,0.6732122943803297
ACS,fasciotomy_methods,2020,72,72.0,0.6764139911978927,0.6764139911978927
ACS,fasciotomy_methods,2021,86,86.0,0.6753505196285529,0.6753505196285529
ACS,fasciotomy_methods,2022,91,91.0,0.6721787136200023,0.6721787136200023
ACS,fasciotomy_methods,2023,89,89.0,0.6773530984844833,0.6773530984844833
ACS,fasciotomy_methods,2024,116,116.0,0.6764619238855478,0.6764619238855478
ACS,alt_diagnosis,2000,23,23.0,0.6863231473204342,0.6863231473204342
ACS,alt_diagnosis,2001,19,19.0,0.6687571285862777,0.6687571285862777
ACS,alt_diagnosis,2002,27,27.0,0.6735731880317585,0.6735731880317585
ACS,alt_diagnosis,2003,17,17.0,0.6720623893903532,0.6720623893903532
ACS,alt_diagnosis,2004,25,25.0,0.6829076168953211,0.6829076168953211
ACS,alt_diagnosis,2005,25,25.0,0.686024918554874,0.686024918554874
ACS,alt_diagnosis,2006,25,25.0,0.6722826915726522,0.6722826915726522
ACS,alt_diagnosis,2007,32,32.0,0.6789265768240713,0.6789265768240713
ACS,alt_diagnosis,2008,37,37.0,0.6794967061280819,0.6794967061280819
ACS,alt_diagnosis,2009,45,45.0,0.6778363453429821,0.6778363453429821
ACS,alt_diagnosis,2010,46,46.0,0.6860155458586761,0.6860155458586761
ACS,alt_diagnosis,2011,56,56.0,0.6757036615841593,0.6757036615841593
ACS,alt_diagnosis,2012,46,46.0,0.6781730200659647,0.6781730200659647
ACS,alt_diagnosis,2013,52,52.0,0.674572343633796,0.674572343633796
ACS,alt_diagnosis,2014,46,46.0,0.6743338236483803,0.6743338236483803
ACS,alt_diagnosis,2015,52,52.0,0.6778703034043827,0.6778703034043827
ACS,alt_diagnosis,2016,70,70.0,0.6812538880710713,0.6812538880710713
ACS,alt_diagnosis,2017,64,64.0,0.672278960318865,0.672278960318865
ACS,alt_diagnosis,2018,68,68.0,0.6717380731735468,0.6717380731735468
ACS,alt_diagnosis,2019,75,75.0,0.6732122943803297,0.6732122943803297
ACS,alt_diagnosis,2020,72,72.0,0.6764139911978927,0.6764139911978927
ACS,alt_diagnosis,2021,86,86.0,0.6753505196285529,0.6753505196285529
ACS,alt_diagnosis,2022,91,91.0,0.6721787136200023,0.6721787136200023
ACS,alt_diagnosis,2023,89,89.0,0.6773530984844833,0.6773530984844833
ACS,alt_diagnosis,2024,116,116.0,0.6764619238855478,0.6764619238855478
ACS,physical_exam,2000,6,6.0,0.6558320367357191,0.6558320367357191
ACS,physical_exam,2001,6,6.0,0.6528646323050151,0.6528646323050151
ACS,physical_exam,2002,5,5.0,0.6921730907630133,0.6921730907630133
ACS,physical_exam,2003,7,7.0,0.6792508836406949,0.6792508836406949
ACS,physical_exam,2004,6,6.0,0.6790079585840401,0.6790079585840401
ACS,physical_exam,2005,8,8.0,0.6676076582820708,0.6676076582820708
ACS,physical_exam,2006,8,8.0,0.6737839628982818,0.6737839628982818
ACS,physical_exam,2007,7,7.0,0.6812973199693264,0.6812973199693264
ACS,physical_exam,2008,8,8.0,0.6898184913193193,0.6898184913193193
ACS,physical_exam,2009,8,8.0,0.6767663499818157,0.6767663499818157
ACS,physical_exam,2010,10,10.0,0.6868058120734057,0.6868058120734057
ACS,physical_exam,2011,13,13.0,0.6655639096464729,0.6655639096464729
ACS,physical_exam,2012,12,12.0,0.6892137428264381,0.6892137428264381
ACS,physical_exam,2013,13,13.0,0.6700089785973323,0.6700089785973323
ACS,physical_exam,2014,8,8.0,0.6891712362739144,0.6891712362739144
ACS,physical_exam,2015,20,20.0,0.6723135839351122,0.6723135839351122
ACS,physical_exam,2016,23,23.0,0.6850303670537958,0.6850303670537958
ACS,physical_exam,2017,11,11.0,0.6770398848908896,0.6770398848908896
ACS,physical_exam,2018,17,17.0,0.6645508443007684,0.6645508443007684
ACS,physical_exam,2019,13,13.0,0.6870780646802284,0.6870780646802284
ACS,physical_exam,2020,8,8.0,0.6745783174141112,0.6745783174141112
ACS,physical_exam,2021,19,19.0,0.6729462103250436,0.6729462103250436
ACS,physical_exam,2022,14,14.0,0.6564085099056475,0.6564085099056475
ACS,physical_exam,2023,9,9.0,0.6777612560946715,0.6777612560946715
ACS,physical_exam,2024,20,20.0,0.6807932564579918,0.6807932564579918
DRF,primary,2000,6,6.0,0.6778127415160314,0.6778127415160314
DRF,primary,2002,5,5.0,0.6705229947600299,0.6705229947600299
DRF,primary,2003,10,10.0,0.6732980762066456,0.6732980762066456
DRF,primary,2004,8,8.0,0.6791638707969524,0.6791638707969524
DRF,primary,2005,8,8.0,0.6619142133273652,0.6619142133273652
DRF,primary,2006,8,8.0,0.6757068614588035,0.6757068614588035
DRF,primary,2007,7,7.0,0.6834226300094095,0.6834226300094095
DRF,primary,2008,13,13.0,0.6796548526188584,0.6796548526188584
DRF,primary,2009,9,9.0,0.6685640032339562,0.6685640032339562
DRF,primary,2010,16,16.0,0.678988927911776,0.678988927911776
DRF,primary,2011,19,19.0,0.6749613837179205,0.6749613837179205
DRF,primary,2012,19,19.0,0.6792015395763975,0.6792015395763975
DRF,primary,2013,15,15.0,0.6846179464720449,0.6846179464720449
DRF,primary,2014,34,34.0,0.6809007168709074,0.6809007168709074
DRF,primary,2015,34,34.0,0.6749671824658091,0.6749671824658091
DRF,primary,2016,37,37.0,0.6833496446250745,0.6833496446250745
DRF,primary,2017,30,30.0,0.6805649303504598,0.6805649303504598
DRF,primary,2018,42,42.0,0.6820889604257887,0.6820889604257887
DRF,primary,2019,39,39.0,0.6813916277805879,0.6813916277805879
DRF,primary,2020,49,49.0,0.683444405878432,0.683444405878432
DRF,primary,2021,43,43.0,0.6787461168678967,0.6787461168678967
DRF,primary,2022,57,57.0,0.6771442871121789,0.6771442871121789
DRF,primary,2023,67,67.0,0.6841633455753496,0.6841633455753496
DRF,primary,2024,62,62.0,0.6844288600625746,0.6844288600625746
DRF,young_operative,2006,5,5.0,0.6684512397948119,0.6684512397948119
DRF,young_operative,2007,5,5.0,0.6567361722657982,0.6567361722657982
DRF,young_operative,2010,5,5.0,0.6609078188059303,0.6609078188059303
DRF,young_operative,2013,8,8.0,0.6509118435450241,0.6509118435450241
DRF,young_operative,2014,11,11.0,0.6694434217328137,0.6694434217328137
DRF,young_operative,2015,11,11.0,0.6663391233835773,0.6663391233835773
DRF,young_operative,2016,11,11.0,0.6830935141958694,0.6830935141958694
DRF,young_operative,2017,6,6.0,0.6576503915354721,0.6576503915354721
DRF,young_operative,2018,20,20.0,0.6709588393025632,0.6709588393025632
DRF,young_operative,2019,12,12.0,0.6715133039809315,0.6715133039809315
DRF,young_operative,2020,19,19.0,0.6753089960145053,0.6753089960145053
DRF,young_operative,2021,24,24.0,0.6564077694029522,0.6564077694029522
DRF,young_operative,2022,24,24.0,0.6672725866410576,0.6672725866410576
DRF,young_operative,2023,24,24.0,0.6704744326941245,0.6704744326941245
DRF,young_operative,2024,24,24.0,0.673160073534615,0.673160073534615
DRF,rec_10_casting,2008,6,6.0,0.6535089321045671,0.6535089321045671
DRF,rec_10_casting,2010,5,5.0,0.6508470614097007,0.6508470614097007
DRF,rec_10_casting,2012,5,5.0,0.6503520191544367,0.6503520191544367
DRF,rec_10_casting,2014,7,7.0,0.6420325503201928,0.6420325503201928
DRF,rec_10_casting,2016,6,6.0,0.6435995673376395,0.6435995673376395
DRF,rec_10_casting,2017,5,5.0,0.6455725963061769,0.6455725963061769
DRF,rec_10_casting,2018,6,6.0,0.658568104165624,0.658568104165624
DRF,rec_10_casting,2020,11,11.0,0.645120331748442,0.645120331748442
DRF,rec_10_casting,2021,7,7.0,0.6553208564231648,0.6553208564231648
DRF,rec_10_casting,2022,10,10.0,0.6531782686962853,0.6531782686962853
DRF,rec_10_casting,2023,7,7.0,0.6476455284017797,0.6476455284017797
DRF,rec_10_casting,2024,8,8.0,0.663584506262421,0.663584506262421
DRF,rec_15_elderly,2005,7,7.0,0.6689275311028239,0.6689275311028239
DRF,rec_15_elderly,2007,8,8.0,0.6543660909042104,0.6543660909042104
DRF,rec_15_elderly,2008,5,5.0,0.6658000457411,0.6658000457411
DRF,rec_15_elderly,2009,7,7.0,0.6513153186915577,0.6513153186915577
DRF,rec_15_elderly,2010,12,12.0,0.6543914000382098,0.6543914000382098
DRF,rec_15_elderly,2011,10,10.0,0.6709150226777185,0.6709150226777185
DRF,rec_15_elderly,2012,7,7.0,0.659342661962575,0.659342661962575
DRF,rec_15_elderly,2013,8,8.0,0.6554322152031286,0.6554322152031286
DRF,rec_15_elderly,2014,14,14.0,0.6719126723601213,0.6719126723601213
DRF,rec_15_elderly,2015,11,11.0,0.6695008975578933,0.6695008975578933
DRF,rec_15_elderly,2016,8,8.0,0.689278744823038,0.689278744823038
DRF,rec_15_elderly,2017,19,19.0,0.6728714231522668,0.6728714231522668
DRF,rec_15_elderly,2018,14,14.0,0.6719120437464298,0.6719120437464298
DRF,rec_15_elderly,2019,18,18.0,0.6677855737823574,0.6677855737823574
DRF,rec_15_elderly,2020,24,24.0,0.6712049198841857,0.6712049198841857
DRF,rec_15_elderly,2021,31,31.0,0.6733858464560571,0.6733858464560571
DRF,rec_15_elderly,2022,37,37.0,0.6720194039639834,0.6720194039639834
DRF,rec_15_elderly,2023,27,27.0,0.6685561989003759,0.6685561989003759
DRF,rec_15_elderly,2024,36,36.0,0.666591226039318,0.666591226039318
DRF,rec_29_nonop,2000,12,12.0,0.6603337418455656,0.6603337418455656
DRF,rec_29_nonop,2001,9,9.0,0.653912392929417,0.653912392929417
DRF,rec_29_nonop,2002,8,8.0,0.6702563839195492,0.6702563839195492
DRF,rec_29_nonop,2004,10,10.0,0.6616843584983069,0.6616843584983069
DRF,rec_29_nonop,2005,13,13.0,0.6594393099403361,0.6594393099403361
DRF,rec_29_nonop,2006,9,9.0,0.6855239423384553,0.6855239423384553
DRF,rec_29_nonop,2007,5,5.0,0.6711271472337447,0.6711271472337447
DRF,rec_29_nonop,2008,12,12.0,0.6654936053776155,0.6654936053776155
DRF,rec_29_nonop,2009,10,10.0,0.664117119091394,0.664117119091394
DRF,rec_29_nonop,2010,13,13.0,0.6652335348592822,0.6652335348592822
DRF,rec_29_nonop,2011,10,10.0,0.6855442607044007,0.6855442607044007
DRF,rec_29_nonop,2013,9,9.0,0.668862093074364,0.668862093074364
DRF,rec_29_nonop,2014,14,14.0,0.6881437843290679,0.6881437843290679
DRF,rec_29_nonop,2015,8,8.0,0.6683143021912704,0.6683143021912704
DRF,rec_29_nonop,2016,8,8.0,0.6694540542405591,0.6694540542405591
DRF,rec_29_nonop,2017,10,10.0,0.6589617253915113,0.6589617253915113
DRF,rec_29_nonop,2018,11,11.0,0.6696983996447187,0.6696983996447187
DRF,rec_29_nonop,2019,14,14.0,0.6737857107859518,0.6737857107859518
DRF,rec_29_nonop,2020,23,23.0,0.6866402331675667,0.6866402331675667
DRF,rec_29_nonop,2021,18,18.0,0.6807027380221341,0.6807027380221341
DRF,rec_29_nonop,2022,10,10.0,0.6817819794558823,0.6817819794558823
DRF,rec_29_nonop,2023,12,12.0,0.681671042919148,0.681671042919148
DRF,rec_29_nonop,2024,11,11.0,0.6567894312884377,0.6567894312884377
