case,fit_unit,score_unit,year,mean_cosine
PJI,year,year,2008,0.16394623
PJI,year,year,2009,0.21707382
PJI,year,year,2010,0.18659439
PJI,year,year,2011,0.16313987
PJI,year,year,2012,0.13505035
PJI,year,year,2013,0.14023797
PJI,year,year,2014,0.1207356
PJI,year,year,2015,0.10639069
PJI,year,year,2016,0.09403414
PJI,year,year,2017,0.08841895
PJI,year,year,2018,0.08255867
PJI,year,year,2019,0.0786962
PJI,year,year,2020,0.07276058
PJI,year,year,2021,0.0665522
PJI,year,year,2022,0.06547601
PJI,year,year,2023,0.06651091
PJI,year,year,2024,0.0612992
PJI,year,record_mean,2008,0.15645083
PJI,year,record_mean,2009,0.21866954
PJI,year,record_mean,2010,0.18604577
PJI,year,record_mean,2011,0.16434417
PJI,year,record_mean,2012,0.16425379
PJI,year,record_mean,2013,0.16768496
PJI,year,record_mean,2014,0.16026074
PJI,year,record_mean,2015,0.15680349
PJI,year,record_mean,2016,0.15124475
PJI,year,record_mean,2017,0.14628809
PJI,year,record_mean,2018,0.14918781
PJI,year,record_mean,2019,0.14716474
PJI,year,record_mean,2020,0.1405143
PJI,year,record_mean,2021,0.14402436
PJI,year,record_mean,2022,0.13949534
PJI,year,record_mean,2023,0.13842781
PJI,year,record_mean,2024,0.12789069
PJI,record,year,2008,0.08093556
PJI,record,year,2009,0.10888042
PJI,record,year,2010,0.10000999
PJI,record,year,2011,0.08146612
PJI,record,year,2012,0.07148391
PJI,record,year,2013,0.07627234
PJI,record,year,2014,0.06694478
PJI,record,year,2015,0.05917662
PJI,record,year,2016,0.05160306
PJI,record,year,2017,0.04965349
PJI,record,year,2018,0.04729099
PJI,record,year,2019,0.04508546
PJI,record,year,2020,0.04167745
PJI,record,year,2021,0.03854402
PJI,record,year,2022,0.03790707
PJI,record,year,2023,0.0383313
PJI,record,year,2024,0.03495734
PJI,record,record_mean,2008,0.0618988
PJI,record,record_mean,2009,0.09059163
PJI,record,record_mean,2010,0.07961354
PJI,record,record_mean,2011,0.06032326
PJI,record,record_mean,2012,0.06098032
PJI,record,record_mean,2013,0.06822027
PJI,record,record_mean,2014,0.06606748
PJI,record,record_mean,2015,0.06354855
PJI,record,record_mean,2016,0.05849061
PJI,record,record_mean,2017,0.05961293
PJI,record,record_mean,2018,0.0652997
PJI,record,record_mean,2019,0.06581911
PJI,record,record_mean,2020,0.058744
PJI,record,record_mean,2021,0.0619952
PJI,record,record_mean,2022,0.05975244
PJI,record,record_mean,2023,0.0595394
PJI,record,record_mean,2024,0.05131465
ACS,year,year,2000,0.11392593
ACS,year,year,2001,0.10190591
ACS,year,year,2002,0.0889467
ACS,year,year,2003,0.08758599
ACS,year,year,2004,0.0858463
ACS,year,year,2005,0.08468547
ACS,year,year,2006,0.09704381
ACS,year,year,2007,0.0648076
ACS,year,year,2008,0.07883223
ACS,year,year,2009,0.08228204
ACS,year,year,2010,0.08144669
ACS,year,year,2011,0.07566393
ACS,year,year,2012,0.07929219
ACS,year,year,2013,0.06966658
ACS,year,year,2014,0.07858232
ACS,year,year,2015,0.06818847
ACS,year,year,2016,0.07050188
ACS,year,year,2017,0.06753443
ACS,year,year,2018,0.06637584
ACS,year,year,2019,0.08436869
ACS,year,year,2020,0.0732247
ACS,year,year,2021,0.06370979
ACS,year,year,2022,0.062414
ACS,year,year,2023,0.06296282
ACS,year,year,2024,0.05753556
ACS,year,record_mean,2000,0.12259529
ACS,year,record_mean,2001,0.12173346
ACS,year,record_mean,2002,0.1122074
ACS,year,record_mean,2003,0.09793361
ACS,year,record_mean,2004,0.10790366
ACS,year,record_mean,2005,0.11215707
ACS,year,record_mean,2006,0.10787783
ACS,year,record_mean,2007,0.10540896
ACS,year,record_mean,2008,0.10681944
ACS,year,record_mean,2009,0.12742037
ACS,year,record_mean,2010,0.11744723
ACS,year,record_mean,2011,0.11440616
ACS,year,record_mean,2012,0.10349164
ACS,year,record_mean,2013,0.10760206
ACS,year,record_mean,2014,0.11766272
ACS,year,record_mean,2015,0.09819997
ACS,year,record_mean,2016,0.11524919
ACS,year,record_mean,2017,0.09711072
ACS,year,record_mean,2018,0.08893744
ACS,year,record_mean,2019,0.12006664
ACS,year,record_mean,2020,0.10574526
ACS,year,record_mean,2021,0.10207143
ACS,year,record_mean,2022,0.09318456
ACS,year,record_mean,2023,0.09782374
ACS,year,record_mean,2024,0.09566959
ACS,record,year,2000,0.06575335
ACS,record,year,2001,0.05219653
ACS,record,year,2002,0.03585665
ACS,record,year,2003,0.03623423
ACS,record,year,2004,0.0366517
ACS,record,year,2005,0.0430026
ACS,record,year,2006,0.06067733
ACS,record,year,2007,0.02673555
ACS,record,year,2008,0.04661805
ACS,record,year,2009,0.04619951
ACS,record,year,2010,0.04951642
ACS,record,year,2011,0.04252998
ACS,record,year,2012,0.05063477
ACS,record,year,2013,0.03102011
ACS,record,year,2014,0.04091312
ACS,record,year,2015,0.03516579
ACS,record,year,2016,0.04341964
ACS,record,year,2017,0.03772734
ACS,record,year,2018,0.03810888
ACS,record,year,2019,0.05373141
ACS,record,year,2020,0.04677354
ACS,record,year,2021,0.04128981
ACS,record,year,2022,0.03824049
ACS,record,year,2023,0.03584418
ACS,record,year,2024,0.0348431
ACS,record,record_mean,2000,0.04739072
ACS,record,record_mean,2001,0.04196378
ACS,record,record_mean,2002,0.03234012
ACS,record,record_mean,2003,0.02957047
ACS,record,record_mean,2004,0.03369913
ACS,record,record_mean,2005,0.03601491
ACS,record,record_mean,2006,0.03651796
ACS,record,record_mean,2007,0.03075861
ACS,record,record_mean,2008,0.03544319
ACS,record,record_mean,2009,0.04497702
ACS,record,record_mean,2010,0.04076713
ACS,record,record_mean,2011,0.03797868
ACS,record,record_mean,2012,0.0390661
ACS,record,record_mean,2013,0.03632733
ACS,record,record_mean,2014,0.04017192
ACS,record,record_mean,2015,0.03131724
ACS,record,record_mean,2016,0.04233623
ACS,record,record_mean,2017,0.03043396
ACS,record,record_mean,2018,0.03288779
ACS,record,record_mean,2019,0.04570807
ACS,record,record_mean,2020,0.04116132
ACS,record,record_mean,2021,0.03761723
ACS,record,record_mean,2022,0.03484046
ACS,record,record_mean,2023,0.03482098
ACS,record,record_mean,2024,0.03370782
DRF,year,year,2000,0.12159683
DRF,year,year,2002,0.11366542
DRF,year,year,2003,0.09819678
DRF,year,year,2004,0.12659874
DRF,year,year,2005,0.08780083
DRF,year,year,2006,0.11368032
DRF,year,year,2007,0.14140343
DRF,year,year,2008,0.11184426
DRF,year,year,2009,0.11365843
DRF,year,year,2010,0.12141708
DRF,year,year,2011,0.10331211
DRF,year,year,2012,0.10906229
DRF,year,year,2013,0.1153051
DRF,year,year,2014,0.13946038
DRF,year,year,2015,0.11909687
DRF,year,year,2016,0.13501841
DRF,year,year,2017,0.11335479
DRF,year,year,2018,0.12173742
DRF,year,year,2019,0.11181649
DRF,year,year,2020,0.12414389
DRF,year,year,2021,0.13053467
DRF,year,year,2022,0.11130444
DRF,year,year,2023,0.11703759
DRF,year,year,2024,0.12440253
DRF,year,record_mean,2000,0.07837445
DRF,year,record_mean,2002,0.08908828
DRF,year,record_mean,2003,0.07489983
DRF,year,record_mean,2004,0.08510045
DRF,year,record_mean,2005,0.06396287
DRF,year,record_mean,2006,0.07545927
DRF,year,record_mean,2007,0.12047047
DRF,year,record_mean,2008,0.08423749
DRF,year,record_mean,2009,0.07725098
DRF,year,record_mean,2010,0.09341406
DRF,year,record_mean,2011,0.08966963
DRF,year,record_mean,2012,0.08025241
DRF,year,record_mean,2013,0.1059043
DRF,year,record_mean,2014,0.11664328
DRF,year,record_mean,2015,0.09089683
DRF,year,record_mean,2016,0.11352705
DRF,year,record_mean,2017,0.0910416
DRF,year,record_mean,2018,0.11955789
DRF,year,record_mean,2019,0.11368354
DRF,year,record_mean,2020,0.1165096
DRF,year,record_mean,2021,0.12249673
DRF,year,record_mean,2022,0.10734335
DRF,year,record_mean,2023,0.11547565
DRF,year,record_mean,2024,0.12108476
DRF,record,year,2000,0.08124335
DRF,record,year,2002,0.06523934
DRF,record,year,2003,0.05432756
DRF,record,year,2004,0.07753884
DRF,record,year,2005,0.05850179
DRF,record,year,2006,0.07092089
DRF,record,year,2007,0.08888689
DRF,record,year,2008,0.07194785
DRF,record,year,2009,0.0796868
DRF,record,year,2010,0.08163326
DRF,record,year,2011,0.07276084
DRF,record,year,2012,0.07373287
DRF,record,year,2013,0.07866002
DRF,record,year,2014,0.11063391
DRF,record,year,2015,0.09162772
DRF,record,year,2016,0.10450252
DRF,record,year,2017,0.08393647
DRF,record,year,2018,0.09791521
DRF,record,year,2019,0.08660035
DRF,record,year,2020,0.09502246
DRF,record,year,2021,0.10863351
DRF,record,year,2022,0.08927582
DRF,record,year,2023,0.09588806
DRF,record,year,2024,0.10412284
DRF,record,record_mean,2000,0.04531845
DRF,record,record_mean,2002,0.04569731
DRF,record,record_mean,2003,0.03714065
DRF,record,record_mean,2004,0.04721288
DRF,record,record_mean,2005,0.03572075
DRF,record,record_mean,2006,0.04043789
DRF,record,record_mean,2007,0.06425909
DRF,record,record_mean,2008,0.0456477
DRF,record,record_mean,2009,0.04576803
DRF,record,record_mean,2010,0.04805685
DRF,record,record_mean,2011,0.0495825
DRF,record,record_mean,2012,0.04170902
DRF,record,record_mean,2013,0.05805791
DRF,record,record_mean,2014,0.06895766
DRF,record,record_mean,2015,0.05043202
DRF,record,record_mean,2016,0.06216209
DRF,record,record_mean,2017,0.05024526
DRF,record,record_mean,2018,0.07050012
DRF,record,record_mean,2019,0.06213912
DRF,record,record_mean,2020,0.06825619
DRF,record,record_mean,2021,0.07618427
DRF,record,record_mean,2022,0.06362322
DRF,record,record_mean,2023,0.0679261
DRF,record,record_mean,2024,0.07139135
