year,two-stage,single-stage,one-stage,debridement,DAIR,spacer,reimplantation,retention,antibiotic,irrigation,exchange,reinfection
2008,0.000624,0.0,0.0,0.00105,0.0,0.0,0.0,0.00104,0.00021,0.0,0.001053,0.0
2009,0.003159,0.0,0.0,0.003057,0.0,0.0,0.006409,0.000564,0.000953,0.0,0.001965,0.0
2010,0.011679,0.000602,0.001071,0.001469,0.0,0.000203,0.004056,0.001209,0.001527,0.000406,0.002828,0.000447
2011,0.006083,0.0,0.0,0.001224,0.0,0.0,0.003452,0.00042,0.0,0.000786,0.000747,0.001098
2012,0.006116,0.0,0.000177,0.001227,0.0,0.000499,0.002275,0.000556,0.001873,0.000478,0.001009,0.000332
2013,0.007342,0.0,0.00141,0.00134,0.0,0.000797,0.001573,0.000834,0.00168,0.0,0.00149,0.000225
2014,0.010291,0.000756,0.00096,0.000564,0.000239,0.000566,0.002204,0.00068,0.001634,8.7e-05,0.001001,0.001143
2015,0.007683,0.001808,0.0,0.000826,0.0,0.001808,0.001541,0.000206,0.001712,8.6e-05,0.000794,0.001166
2016,0.00317,0.000189,0.000158,0.000824,0.000508,0.000581,0.001138,0.000507,0.000981,0.00027,0.000279,0.000481
2017,0.003138,0.0,0.0,0.000664,0.0,0.000161,0.000996,0.000171,0.00175,0.000193,0.001279,0.001215
2018,0.00307,0.000154,0.000955,0.000297,0.0,0.001937,0.001451,0.000146,0.001817,0.000254,0.001271,0.000401
2019,0.005283,0.0,0.001219,0.000535,0.00043,0.000686,0.003982,0.000181,0.00207,8.4e-05,0.001815,0.000362
2020,0.004433,0.000787,0.001986,0.000581,0.000315,0.001694,0.001591,0.000179,0.001862,0.000355,0.001307,0.000739
2021,0.005943,0.001009,0.002797,0.000916,0.001741,0.000892,0.001405,0.000786,0.001166,4.6e-05,0.001356,0.001196
2022,0.00531,0.000164,0.001104,0.000244,0.000135,0.001513,0.00162,0.000191,0.001,0.000147,0.001755,0.00147
2023,0.003659,0.000264,0.00172,0.000554,0.000653,0.001346,0.001294,0.000479,0.001939,0.000129,0.000778,0.000473
2024,0.003693,0.000395,0.000579,0.000279,0.000269,0.000434,0.001693,0.000224,0.001047,0.000224,0.001132,0.000921
